{
  "configVersion": 1,
  "timestamp": 1707849745446,
  "index": "/index.html",
  "assetGroups": [
    {
      "name": "app",
      "installMode": "prefetch",
      "updateMode": "prefetch",
      "cacheQueryOptions": {
        "ignoreVary": true
      },
      "urls": [
        "/1315.889df76956ff23ca.js",
        "/1372.886beab32b80efa1.js",
        "/1745.3c8be738e4ed3473.js",
        "/185.7e651a03e3ce13bf.js",
        "/1868.9300fd2a010213ee.js",
        "/2841.f20654f052350307.js",
        "/2975.a504728e5c8c3256.js",
        "/3150.910ca6ec68f9a6f0.js",
        "/3483.812eeffc7a972645.js",
        "/3544.c97e05c2a3115e30.js",
        "/3672.c07aa87696fc072a.js",
        "/3734.77fa8da2119d4aac.js",
        "/3998.82e609a921b5a09d.js",
        "/4087.a57b3faaca8014ab.js",
        "/4090.5e1ea55e09eb2f12.js",
        "/433.890adff11bf6d00a.js",
        "/4458.44be36ff4581eb32.js",
        "/4530.f226d140bf01fb76.js",
        "/4675.2c4aa888c00d5fb8.js",
        "/469.dc0e146587f2129b.js",
        "/4764.e564a4c2ded8d4fa.js",
        "/4882.3509db63051565f6.js",
        "/505.966c13c0fc537c3d.js",
        "/5248.62ded37b0c29d25c.js",
        "/5454.f4d8a62537982558.js",
        "/5675.0b9c2f66e3cec07c.js",
        "/582.12d89be62ae9f15a.js",
        "/5860.f294ef08c200dd38.js",
        "/5962.d3853ee63796e830.js",
        "/6304.4bec75a89dd581c3.js",
        "/6416.d2723744cffdb9ec.js",
        "/6642.7e0bbb7804fb50a6.js",
        "/6673.b8dfbcac34f9aea4.js",
        "/6754.60a677d2ab27b0c2.js",
        "/7059.caa3bcb4a75bd98f.js",
        "/7219.fe028ba572aafee0.js",
        "/7250.dd7a58df6c68d73e.js",
        "/7465.da513a59f6d9b0d6.js",
        "/7635.0a404c0d3bf845c7.js",
        "/7666.be44f1ba43bec848.js",
        "/8204.8e0fe31dccd02c6c.js",
        "/8382.b6a672020cda1753.js",
        "/8484.2453a9d10ef93135.js",
        "/8577.fbeba5d33d01b195.js",
        "/8594.6e8e4b8ff83f929b.js",
        "/8633.85e2f6cee2a1b8c5.js",
        "/8811.dba2cdb7d1c6ae8d.js",
        "/8866.f9d1f870550daf8d.js",
        "/9352.717af8fb47bada66.js",
        "/9588.22fd9fd752c53fa9.js",
        "/962.3fb0dac75d94cc95.js",
        "/9793.d24dde6deee25cd3.js",
        "/9820.bb611d16ba8a7522.js",
        "/9857.c01aa12a5d00feb4.js",
        "/9882.02d24fe6eaf92841.js",
        "/9992.0ca6140958bc894a.js",
        "/common.2a0ff1967849cbfb.js",
        "/index.html",
        "/main.f7a0e81f501f6fb4.js",
        "/manifest.webmanifest",
        "/polyfills-core-js.93f56369317b7a8e.js",
        "/polyfills-dom.516ff539260f3e0d.js",
        "/polyfills.cf419aa12150fa3f.js",
        "/runtime.96a9bfe05ebcd033.js",
        "/styles.0d4a70ba58bd69d2.css"
      ],
      "patterns": []
    },
    {
      "name": "assets",
      "installMode": "lazy",
      "updateMode": "prefetch",
      "cacheQueryOptions": {
        "ignoreVary": true
      },
      "urls": [
        "/assets/counter-background.png",
        "/assets/ducedesk.png",
        "/assets/ducedeskservice.png",
        "/assets/expert-icon.png",
        "/assets/frontend-dev.avif",
        "/assets/icon/custom-apps-svgrepo-com.svg",
        "/assets/icon/developer-centerpublic-api-svgrepo-com.svg",
        "/assets/icon/developer.avif",
        "/assets/icon/ecommerce-website-commerce-and-shopping-2-svgrepo-com.svg",
        "/assets/icon/icons8-web.gif",
        "/assets/icon/online-course-svgrepo-com.svg",
        "/assets/icon/responsive-svgrepo-com.svg",
        "/assets/icon/skills.png",
        "/assets/icon/wired-lineal-478-computer-display.svg",
        "/assets/icons/icon-128x128.png",
        "/assets/icons/icon-144x144.png",
        "/assets/icons/icon-152x152.png",
        "/assets/icons/icon-192x192.png",
        "/assets/icons/icon-384x384.png",
        "/assets/icons/icon-512x512.png",
        "/assets/icons/icon-72x72.png",
        "/assets/icons/icon-96x96.png",
        "/assets/icons/image8.2.png",
        "/assets/locationpro.png",
        "/assets/one.avif",
        "/assets/port1.avif",
        "/assets/servicepro.png",
        "/assets/shopEZ.png",
        "/assets/watermarked_preview.mp4",
        "/assets/wealth.png"
      ],
      "patterns": []
    }
  ],
  "dataGroups": [],
  "hashTable": {
    "/1315.889df76956ff23ca.js": "a6b102ec24f9ee0eea6a86ad382456cfd6e38983",
    "/1372.886beab32b80efa1.js": "a5ebc1d9ad17faf8d2226fb274bb34cc10367745",
    "/1745.3c8be738e4ed3473.js": "43e591c9fdaedfd066ae8a9618b7815162c6e630",
    "/185.7e651a03e3ce13bf.js": "1da4a05cd93e0104a84e7637a79f74dc7d417e43",
    "/1868.9300fd2a010213ee.js": "a91abee848a5f33d240bf69ca5602431781ee772",
    "/2841.f20654f052350307.js": "bfb4125c6d6834e5d27fc19fcb60c27b65f8d8e5",
    "/2975.a504728e5c8c3256.js": "c6a2155fa36cae4a98d19d14923e2b938058f999",
    "/3150.910ca6ec68f9a6f0.js": "51c3387a6f98837136d4e9f76c6ed6812e077834",
    "/3483.812eeffc7a972645.js": "5230e961fe903fd4961715df480795339f6fd276",
    "/3544.c97e05c2a3115e30.js": "58a835f199205e8d986efaf552b88bd2cde09df8",
    "/3672.c07aa87696fc072a.js": "62547ef30d5df32212705dedbd4331c96062b5a0",
    "/3734.77fa8da2119d4aac.js": "1b35179c2bd6bb11c09afc015ec3b18906c66da9",
    "/3998.82e609a921b5a09d.js": "ed990371be0a9676e69d299a59343af0b90c4057",
    "/4087.a57b3faaca8014ab.js": "da7105d128434b349d7a463a8df500da289336ea",
    "/4090.5e1ea55e09eb2f12.js": "d916236f5ddead0658b09ff3adc5e031be31b61b",
    "/433.890adff11bf6d00a.js": "67697ab77ca7817546a6e296425e2bff5eee75cd",
    "/4458.44be36ff4581eb32.js": "148d514edaa9ca3f3cf2b2c025d56dc305546aea",
    "/4530.f226d140bf01fb76.js": "6c28ae8c1c327f510fe04947a56885110d1fc1f9",
    "/4675.2c4aa888c00d5fb8.js": "8dab71fb95f55e5cede2eb794c9ddce157628146",
    "/469.dc0e146587f2129b.js": "199727d8ba9d19b2e2c10a13b8c3642d977ddff1",
    "/4764.e564a4c2ded8d4fa.js": "5174fcdc1005718d551cad91972e7d07d040f519",
    "/4882.3509db63051565f6.js": "de107b036d024a5092e23c658d0bc423ea10b455",
    "/505.966c13c0fc537c3d.js": "b4c1e3a97c93970d7f68dd53c92e568f4a180e91",
    "/5248.62ded37b0c29d25c.js": "f5504a4862c13821bd248989835d2a0c316e4b07",
    "/5454.f4d8a62537982558.js": "f871610d05caccedb8059137b2d4f78594db8353",
    "/5675.0b9c2f66e3cec07c.js": "27febc618dc877820854ccff4c68320f2fc218ad",
    "/582.12d89be62ae9f15a.js": "8f39ee8e88daf38dd6ea197bdf93c09a540ca67c",
    "/5860.f294ef08c200dd38.js": "7306d82b9a3d0ce01450080856d043372a148131",
    "/5962.d3853ee63796e830.js": "d79a15a9a49a8dab79de1ad861678bd91a183668",
    "/6304.4bec75a89dd581c3.js": "3fe4540df00a9a5bc5f54c6e573c53f29f5a0fd9",
    "/6416.d2723744cffdb9ec.js": "e4d8dc955125a9bdee54a43f8f1f1ccab3e58d22",
    "/6642.7e0bbb7804fb50a6.js": "de600485f418d5c90dc9c18c5d1ad3905c9f78e0",
    "/6673.b8dfbcac34f9aea4.js": "8bf22de385f9a38ebc22e925d06353cd4ed6b952",
    "/6754.60a677d2ab27b0c2.js": "bd507166eab8f43c4cbf835f0f81cdc09cc94228",
    "/7059.caa3bcb4a75bd98f.js": "945ebce88e35cd5993246dfb79ca5368b1019448",
    "/7219.fe028ba572aafee0.js": "e774fc411d01ec32b3fb3d62b564f486f4b60e9b",
    "/7250.dd7a58df6c68d73e.js": "e7cbde77bb6dd1c171c0bdee494476e12c261e1d",
    "/7465.da513a59f6d9b0d6.js": "1933046d1c649387800034ddbc59eb9cccae24a1",
    "/7635.0a404c0d3bf845c7.js": "a1c74485a5426eb0cfe1091893ea7b55bfd1147d",
    "/7666.be44f1ba43bec848.js": "5f0200749b3ed091484b36e72035a303116e1743",
    "/8204.8e0fe31dccd02c6c.js": "1a35c2cc4e89dbacf55ad5c2cffe917431932d65",
    "/8382.b6a672020cda1753.js": "3c0700b6cb79a01add5a8779ba9186d9da640918",
    "/8484.2453a9d10ef93135.js": "ea3c839e2aa49d8821ccdfdb7033b1aa7af0a56b",
    "/8577.fbeba5d33d01b195.js": "b9b6d1f34845edc88a7f54b646b8075a8760d718",
    "/8594.6e8e4b8ff83f929b.js": "8421614043cfa35ae2d3355896acf85435336b78",
    "/8633.85e2f6cee2a1b8c5.js": "95a1407dbc424121bbba25ab6bf539e41fb54e98",
    "/8811.dba2cdb7d1c6ae8d.js": "ef7cbd12c877cca28d6acd3b66f7fe1d41734105",
    "/8866.f9d1f870550daf8d.js": "b2206b6eb7e99967aaf557e095672abbf709d375",
    "/9352.717af8fb47bada66.js": "f56bce5f094542a36406448036eb46aa9534f3e0",
    "/9588.22fd9fd752c53fa9.js": "11570377ff5ead384528953ea1dbb8c5e70318c5",
    "/962.3fb0dac75d94cc95.js": "3a056d42b994ff85f2711b4d7fc0b9b5ba1255ad",
    "/9793.d24dde6deee25cd3.js": "3b2b50d5ec187e12e73c6390ee8e24732573f7f9",
    "/9820.bb611d16ba8a7522.js": "96e24823a02d9d83bd9e87144f51eb5b41a31809",
    "/9857.c01aa12a5d00feb4.js": "ac7ccf21bdd520d0f707df39e6ced4e89e21ea64",
    "/9882.02d24fe6eaf92841.js": "a8b92d73e13b0fdd62a3802d43326862ac14ecba",
    "/9992.0ca6140958bc894a.js": "a1f8dbe27d2dfbf348cc75844ff7ba139d517bba",
    "/assets/counter-background.png": "379f52bfdc58d4b35ece01d68a12d0d4aa153726",
    "/assets/ducedesk.png": "b2abe5234bea2d8d8b4049c3d6fad43df0589b28",
    "/assets/ducedeskservice.png": "7407cc7a26efe99c1631516b417d5c3d2b343197",
    "/assets/expert-icon.png": "3ece47db6efe678839d28ce761fcbabcb7718a07",
    "/assets/frontend-dev.avif": "0b2a40208cddb7c46dcc59243c3e12fbd9dd5789",
    "/assets/icon/custom-apps-svgrepo-com.svg": "d07b67a18250f5091ebe32b5869187047962a8af",
    "/assets/icon/developer-centerpublic-api-svgrepo-com.svg": "0621c486a35eab193a775c01c2932696591cda55",
    "/assets/icon/developer.avif": "d7f70c0d8f6e9dfee455dfb4e62b2e635d064144",
    "/assets/icon/ecommerce-website-commerce-and-shopping-2-svgrepo-com.svg": "78321982bca895b13d59849b222a810cdee01320",
    "/assets/icon/icons8-web.gif": "b9f7fed49a8c18a6db9194cd54e18ad0262f3764",
    "/assets/icon/online-course-svgrepo-com.svg": "b84063915d7e6b7b523f7874c2e0ef237e320000",
    "/assets/icon/responsive-svgrepo-com.svg": "329f27517a21bc5cbe41e5feba123e08cda62613",
    "/assets/icon/skills.png": "10d9ecaac4dd8c1a3bc5eaef38dbc3a8287c2a64",
    "/assets/icon/wired-lineal-478-computer-display.svg": "665cf5d9969f68569a146c6e9722b2ba64e44605",
    "/assets/icons/icon-128x128.png": "f912963bdc6d5a38d8f1dd0afbaab2ce8d657acb",
    "/assets/icons/icon-144x144.png": "b155fd5f2fd5d2ea7760721063003c4cd95fd783",
    "/assets/icons/icon-152x152.png": "eae6e0f0c8afb8aaae339e2a569b43e9238e5e6c",
    "/assets/icons/icon-192x192.png": "15c4180454633880d98674aa7394656196c91584",
    "/assets/icons/icon-384x384.png": "94a915751ef6c9282df9aea405ad679230631814",
    "/assets/icons/icon-512x512.png": "1de182f76f7329dfa8f9fcdd1fdcdd695bea6a99",
    "/assets/icons/icon-72x72.png": "aa88a6096bd973be7f6d7a5489bfa6bc2463f8c4",
    "/assets/icons/icon-96x96.png": "7fb8f59c30ce2ff12c700321a0b39e14b3dc8f95",
    "/assets/icons/image8.2.png": "b82888cf02879c4e882ce28efb0281eddfdf0663",
    "/assets/locationpro.png": "041d4e19cd9327b22a34da1ad19ff10ae788ec7e",
    "/assets/one.avif": "8c10c2e518a298c429b540f665754970ea23b64d",
    "/assets/port1.avif": "9c52ea6e61c1be0939abfa30c26722b4b0ade72a",
    "/assets/servicepro.png": "847b0802fdf80b4facd0d7b28206c4c49f889582",
    "/assets/shopEZ.png": "597eb2af37ab3490d9a5bc6af5f7315826f43bbf",
    "/assets/watermarked_preview.mp4": "882fd471d0392131d14e2306a466b6e98f512983",
    "/assets/wealth.png": "437092bf1d7579f1433d90eb7bc278d754c9153b",
    "/common.2a0ff1967849cbfb.js": "ceab937aebcef5abf82236271c8c08e4dbef4fc6",
    "/index.html": "83dde6d69f23193664c4fe6d924349070fb3896b",
    "/main.f7a0e81f501f6fb4.js": "8e821cb5b2b8a4a0dda578811392a75c375781eb",
    "/manifest.webmanifest": "267e5e8fac5fa20a50ee8428fd1b53a24e71db0c",
    "/polyfills-core-js.93f56369317b7a8e.js": "c8e9e4ae48fec22ae530c491f407d01f349509a9",
    "/polyfills-dom.516ff539260f3e0d.js": "cea88d53dd7d9ae658909b54c7bf701b2c796086",
    "/polyfills.cf419aa12150fa3f.js": "48656d085584b96c198f3516101deccbb3f3aeaa",
    "/runtime.96a9bfe05ebcd033.js": "b02d874056b9336ca0c279e66d4d7803f6156e7a",
    "/styles.0d4a70ba58bd69d2.css": "c110f357a80b749d5599130d88dd3e32d4b772cb"
  },
  "navigationUrls": [
    {
      "positive": true,
      "regex": "^\\/.*$"
    },
    {
      "positive": false,
      "regex": "^\\/(?:.+\\/)?[^/]*\\.[^/]*$"
    },
    {
      "positive": false,
      "regex": "^\\/(?:.+\\/)?[^/]*__[^/]*$"
    },
    {
      "positive": false,
      "regex": "^\\/(?:.+\\/)?[^/]*__[^/]*\\/.*$"
    }
  ],
  "navigationRequestStrategy": "performance"
}